symbol,group,strategy,stop_loss,fit_rating,bars,start_at,end_at,trades,win_rate,profit_factor,total_pnl,average_trade_pnl,max_drawdown,average_hold_bars,best_trade,worst_trade,no_signal_periods,data_issues,notes
AAPL,Large-cap stocks,Donchian Breakout Strategy,none,Strong Fit,1070,2026-02-05T21:30:00,2026-05-08T19:45:00,10,80.0,49.26,90.55,9.05,-1.78,45.9,30.66,-1.78,973,0,Historically tested starting point; not a guarantee.
AAPL,Large-cap stocks,Donchian Breakout Strategy,2pct,Strong Fit,1070,2026-02-05T21:30:00,2026-05-08T19:45:00,10,80.0,49.26,90.55,9.05,-1.78,45.9,30.66,-1.78,973,0,Historically tested starting point; not a guarantee.
AAPL,Large-cap stocks,Donchian Breakout Strategy,3pct,Strong Fit,1070,2026-02-05T21:30:00,2026-05-08T19:45:00,10,80.0,49.26,90.55,9.05,-1.78,45.9,30.66,-1.78,973,0,Historically tested starting point; not a guarantee.
AAPL,Large-cap stocks,Donchian Breakout Strategy,5pct,Strong Fit,1070,2026-02-05T21:30:00,2026-05-08T19:45:00,10,80.0,49.26,90.55,9.05,-1.78,45.9,30.66,-1.78,973,0,Historically tested starting point; not a guarantee.
AAPL,Large-cap stocks,Opening Range Breakout Strategy,none,Strong Fit,1070,2026-02-05T21:30:00,2026-05-08T19:45:00,12,58.33,3.58,62.39,5.2,-18.43,47.75,29.8,-8.59,1025,24,Historically tested starting point; not a guarantee.
AAPL,Large-cap stocks,Opening Range Breakout Strategy,2pct,Strong Fit,1070,2026-02-05T21:30:00,2026-05-08T19:45:00,12,58.33,3.58,62.39,5.2,-18.43,47.75,29.8,-8.59,1025,24,Historically tested starting point; not a guarantee.
AAPL,Large-cap stocks,Opening Range Breakout Strategy,3pct,Strong Fit,1070,2026-02-05T21:30:00,2026-05-08T19:45:00,12,58.33,3.58,62.39,5.2,-18.43,47.75,29.8,-8.59,1025,24,Historically tested starting point; not a guarantee.
AAPL,Large-cap stocks,Opening Range Breakout Strategy,5pct,Strong Fit,1070,2026-02-05T21:30:00,2026-05-08T19:45:00,12,58.33,3.58,62.39,5.2,-18.43,47.75,29.8,-8.59,1025,24,Historically tested starting point; not a guarantee.
AAPL,Large-cap stocks,Breakout Strategy,none,Strong Fit,1070,2026-02-05T21:30:00,2026-05-08T19:45:00,8,62.5,3.43,64.22,8.03,-26.2,64.12,50.91,-17.33,997,0,Historically tested starting point; not a guarantee.
AAPL,Large-cap stocks,Breakout Strategy,3pct,Strong Fit,1070,2026-02-05T21:30:00,2026-05-08T19:45:00,8,62.5,3.43,64.22,8.03,-26.2,64.12,50.91,-17.33,997,0,Historically tested starting point; not a guarantee.
AAPL,Large-cap stocks,Breakout Strategy,5pct,Strong Fit,1070,2026-02-05T21:30:00,2026-05-08T19:45:00,8,62.5,3.43,64.22,8.03,-26.2,64.12,50.91,-17.33,997,0,Historically tested starting point; not a guarantee.
AAPL,Large-cap stocks,Breakout Strategy,2pct,Strong Fit,1070,2026-02-05T21:30:00,2026-05-08T19:45:00,8,62.5,3.11,61.55,7.69,-28.87,64,50.91,-20.0,996,0,Historically tested starting point; not a guarantee.
AAPL,Large-cap stocks,ADX Trend Strategy,none,Strong Fit,1070,2026-02-05T21:30:00,2026-05-08T19:45:00,43,53.49,2.47,80.92,1.88,-23.97,11.47,22.24,-7.58,28,0,Historically tested starting point; not a guarantee.
AAPL,Large-cap stocks,ADX Trend Strategy,2pct,Strong Fit,1070,2026-02-05T21:30:00,2026-05-08T19:45:00,43,53.49,2.47,80.92,1.88,-23.97,11.47,22.24,-7.58,28,0,Historically tested starting point; not a guarantee.
AAPL,Large-cap stocks,ADX Trend Strategy,3pct,Strong Fit,1070,2026-02-05T21:30:00,2026-05-08T19:45:00,43,53.49,2.47,80.92,1.88,-23.97,11.47,22.24,-7.58,28,0,Historically tested starting point; not a guarantee.
AAPL,Large-cap stocks,ADX Trend Strategy,5pct,Strong Fit,1070,2026-02-05T21:30:00,2026-05-08T19:45:00,43,53.49,2.47,80.92,1.88,-23.97,11.47,22.24,-7.58,28,0,Historically tested starting point; not a guarantee.
AAPL,Large-cap stocks,RSI Reversion Strategy,2pct,Strong Fit,1070,2026-02-05T21:30:00,2026-05-08T19:45:00,11,63.64,1.6,36.33,3.3,-53.91,30.27,33.47,-20.0,1003,0,Historically tested starting point; not a guarantee.
AAPL,Large-cap stocks,RSI Reversion Strategy,3pct,Strong Fit,1070,2026-02-05T21:30:00,2026-05-08T19:45:00,9,55.56,1.57,28.06,3.12,-48.26,39.89,33.47,-30.0,1005,0,Historically tested starting point; not a guarantee.
AAPL,Large-cap stocks,EMA Strategy,2pct,Acceptable Fit,1070,2026-02-05T21:30:00,2026-05-08T19:45:00,3,33.33,3.31,92.51,30.84,-40.0,294.67,132.51,-20.0,1024,0,Historically tested starting point; not a guarantee.
AAPL,Large-cap stocks,Relative Strength Strategy,none,Acceptable Fit,1070,2026-02-05T21:30:00,2026-05-08T19:45:00,13,38.46,2.04,16.98,1.31,-11.88,2.77,25.37,-3.46,705,606,Historically tested starting point; not a guarantee.
AAPL,Large-cap stocks,Relative Strength Strategy,2pct,Acceptable Fit,1070,2026-02-05T21:30:00,2026-05-08T19:45:00,13,38.46,2.04,16.98,1.31,-11.88,2.77,25.37,-3.46,705,606,Historically tested starting point; not a guarantee.
AAPL,Large-cap stocks,Relative Strength Strategy,3pct,Acceptable Fit,1070,2026-02-05T21:30:00,2026-05-08T19:45:00,13,38.46,2.04,16.98,1.31,-11.88,2.77,25.37,-3.46,705,606,Historically tested starting point; not a guarantee.
AAPL,Large-cap stocks,Relative Strength Strategy,5pct,Acceptable Fit,1070,2026-02-05T21:30:00,2026-05-08T19:45:00,13,38.46,2.04,16.98,1.31,-11.88,2.77,25.37,-3.46,705,606,Historically tested starting point; not a guarantee.
AAPL,Large-cap stocks,RSI Reversion Strategy,5pct,Acceptable Fit,1070,2026-02-05T21:30:00,2026-05-08T19:45:00,9,55.56,1.12,8.06,0.9,-68.26,41.44,33.47,-50.0,1005,0,Historically tested starting point; not a guarantee.
AAPL,Large-cap stocks,RSI Reversion Strategy,none,Acceptable Fit,1070,2026-02-05T21:30:00,2026-05-08T19:45:00,8,62.5,1.1,6.81,0.85,-69.52,48.75,33.47,-56.91,1006,0,Historically tested starting point; not a guarantee.
AAPL,Large-cap stocks,Momentum Strategy,none,Watch / Needs More Data,1070,2026-02-05T21:30:00,2026-05-08T19:45:00,1,100.0,84.82,84.82,84.82,0.0,593,84.82,84.82,1057,0,Needs more closed trades before relying on this pairing.
AAPL,Large-cap stocks,Momentum Strategy,2pct,Watch / Needs More Data,1070,2026-02-05T21:30:00,2026-05-08T19:45:00,1,100.0,84.82,84.82,84.82,0.0,593,84.82,84.82,1057,0,Needs more closed trades before relying on this pairing.
AAPL,Large-cap stocks,Momentum Strategy,3pct,Watch / Needs More Data,1070,2026-02-05T21:30:00,2026-05-08T19:45:00,1,100.0,84.82,84.82,84.82,0.0,593,84.82,84.82,1057,0,Needs more closed trades before relying on this pairing.
AAPL,Large-cap stocks,Momentum Strategy,5pct,Watch / Needs More Data,1070,2026-02-05T21:30:00,2026-05-08T19:45:00,1,100.0,84.82,84.82,84.82,0.0,593,84.82,84.82,1057,0,Needs more closed trades before relying on this pairing.
AAPL,Large-cap stocks,EMA Strategy,none,Watch / Needs More Data,1070,2026-02-05T21:30:00,2026-05-08T19:45:00,1,100.0,53.14,53.14,53.14,0.0,1008,53.14,53.14,1026,0,Needs more closed trades before relying on this pairing.
AAPL,Large-cap stocks,EMA Strategy,3pct,Watch / Needs More Data,1070,2026-02-05T21:30:00,2026-05-08T19:45:00,2,50.0,4.42,102.51,51.26,-30.0,450,132.51,-30.0,1025,0,Needs more closed trades before relying on this pairing.
AAPL,Large-cap stocks,EMA Strategy,5pct,Watch / Needs More Data,1070,2026-02-05T21:30:00,2026-05-08T19:45:00,2,50.0,2.65,82.51,41.26,-50.0,457,132.51,-50.0,1025,0,Needs more closed trades before relying on this pairing.
AAPL,Large-cap stocks,Pullback Strategy,none,Watch / Needs More Data,1070,2026-02-05T21:30:00,2026-05-08T19:45:00,0,0.0,0.0,0,0.0,0.0,0.0,0.0,0.0,591,0,Needs more closed trades before relying on this pairing.
AAPL,Large-cap stocks,Pullback Strategy,2pct,Watch / Needs More Data,1070,2026-02-05T21:30:00,2026-05-08T19:45:00,0,0.0,0.0,0,0.0,0.0,0.0,0.0,0.0,591,0,Needs more closed trades before relying on this pairing.
AAPL,Large-cap stocks,Pullback Strategy,3pct,Watch / Needs More Data,1070,2026-02-05T21:30:00,2026-05-08T19:45:00,0,0.0,0.0,0,0.0,0.0,0.0,0.0,0.0,591,0,Needs more closed trades before relying on this pairing.
AAPL,Large-cap stocks,Pullback Strategy,5pct,Watch / Needs More Data,1070,2026-02-05T21:30:00,2026-05-08T19:45:00,0,0.0,0.0,0,0.0,0.0,0.0,0.0,0.0,591,0,Needs more closed trades before relying on this pairing.
AAPL,Large-cap stocks,VWAP Strategy,none,Not Recommended,1070,2026-02-05T21:30:00,2026-05-08T19:45:00,3,33.33,0.67,-4.43,-1.48,-7.82,13,9.06,-7.82,1001,0,Weak profit factor in the available sample.
AAPL,Large-cap stocks,VWAP Strategy,2pct,Not Recommended,1070,2026-02-05T21:30:00,2026-05-08T19:45:00,3,33.33,0.67,-4.43,-1.48,-7.82,13,9.06,-7.82,1001,0,Weak profit factor in the available sample.
AAPL,Large-cap stocks,VWAP Strategy,3pct,Not Recommended,1070,2026-02-05T21:30:00,2026-05-08T19:45:00,3,33.33,0.67,-4.43,-1.48,-7.82,13,9.06,-7.82,1001,0,Weak profit factor in the available sample.
AAPL,Large-cap stocks,VWAP Strategy,5pct,Not Recommended,1070,2026-02-05T21:30:00,2026-05-08T19:45:00,3,33.33,0.67,-4.43,-1.48,-7.82,13,9.06,-7.82,1001,0,Weak profit factor in the available sample.
AAPL,Large-cap stocks,Bollinger Reversion Strategy,2pct,Not Recommended,1070,2026-02-05T21:30:00,2026-05-08T19:45:00,32,40.62,0.48,-67.18,-2.1,-83.53,13.03,20.67,-20.0,905,0,Weak profit factor in the available sample.
AAPL,Large-cap stocks,Bollinger Reversion Strategy,none,Not Recommended,1070,2026-02-05T21:30:00,2026-05-08T19:45:00,32,40.62,0.46,-73.89,-2.31,-90.23,13.78,20.67,-25.74,907,0,Weak profit factor in the available sample.
AAPL,Large-cap stocks,Bollinger Reversion Strategy,5pct,Not Recommended,1070,2026-02-05T21:30:00,2026-05-08T19:45:00,32,40.62,0.46,-73.89,-2.31,-90.23,13.78,20.67,-25.74,907,0,Weak profit factor in the available sample.
AAPL,Large-cap stocks,Bollinger Reversion Strategy,3pct,Not Recommended,1070,2026-02-05T21:30:00,2026-05-08T19:45:00,32,40.62,0.44,-78.15,-2.44,-94.5,13.19,20.67,-30.0,906,0,Weak profit factor in the available sample.
GOOGL,Large-cap stocks,Momentum Strategy,none,Strong Fit,626,2026-02-05T21:15:00,2026-05-08T19:45:00,4,50.0,6.82,62.08,15.52,-10.66,51.5,59.33,-8.74,608,0,Historically tested starting point; not a guarantee.
GOOGL,Large-cap stocks,Momentum Strategy,2pct,Strong Fit,626,2026-02-05T21:15:00,2026-05-08T19:45:00,4,50.0,6.82,62.08,15.52,-10.66,51.5,59.33,-8.74,608,0,Historically tested starting point; not a guarantee.
GOOGL,Large-cap stocks,Momentum Strategy,3pct,Strong Fit,626,2026-02-05T21:15:00,2026-05-08T19:45:00,4,50.0,6.82,62.08,15.52,-10.66,51.5,59.33,-8.74,608,0,Historically tested starting point; not a guarantee.
GOOGL,Large-cap stocks,Momentum Strategy,5pct,Strong Fit,626,2026-02-05T21:15:00,2026-05-08T19:45:00,4,50.0,6.82,62.08,15.52,-10.66,51.5,59.33,-8.74,608,0,Historically tested starting point; not a guarantee.
GOOGL,Large-cap stocks,Donchian Breakout Strategy,2pct,Strong Fit,626,2026-02-05T21:15:00,2026-05-08T19:45:00,7,57.14,4.65,197.04,28.15,-54.0,51.43,119.82,-20.0,562,0,Historically tested starting point; not a guarantee.
GOOGL,Large-cap stocks,Donchian Breakout Strategy,none,Strong Fit,626,2026-02-05T21:15:00,2026-05-08T19:45:00,7,57.14,4.46,194.76,27.82,-56.27,51.71,119.82,-23.62,563,0,Historically tested starting point; not a guarantee.
GOOGL,Large-cap stocks,Donchian Breakout Strategy,5pct,Strong Fit,626,2026-02-05T21:15:00,2026-05-08T19:45:00,7,57.14,4.46,194.76,27.82,-56.27,51.71,119.82,-23.62,563,0,Historically tested starting point; not a guarantee.
GOOGL,Large-cap stocks,Breakout Strategy,2pct,Strong Fit,626,2026-02-05T21:15:00,2026-05-08T19:45:00,4,50.0,4.07,122.99,30.75,-40.0,93.5,132.35,-20.0,577,0,Historically tested starting point; not a guarantee.
GOOGL,Large-cap stocks,Donchian Breakout Strategy,3pct,Strong Fit,626,2026-02-05T21:15:00,2026-05-08T19:45:00,7,57.14,3.71,183.41,26.2,-67.62,51.71,119.82,-30.0,563,0,Historically tested starting point; not a guarantee.
GOOGL,Large-cap stocks,Breakout Strategy,3pct,Strong Fit,626,2026-02-05T21:15:00,2026-05-08T19:45:00,4,50.0,3.04,109.37,27.34,-53.62,94,132.35,-30.0,578,0,Historically tested starting point; not a guarantee.
GOOGL,Large-cap stocks,Bollinger Reversion Strategy,none,Strong Fit,626,2026-02-05T21:15:00,2026-05-08T19:45:00,11,72.73,2.82,57.68,5.24,-17.84,17.09,22.85,-17.84,537,0,Historically tested starting point; not a guarantee.
GOOGL,Large-cap stocks,Bollinger Reversion Strategy,3pct,Strong Fit,626,2026-02-05T21:15:00,2026-05-08T19:45:00,11,72.73,2.82,57.68,5.24,-17.84,17.09,22.85,-17.84,537,0,Historically tested starting point; not a guarantee.
GOOGL,Large-cap stocks,Bollinger Reversion Strategy,5pct,Strong Fit,626,2026-02-05T21:15:00,2026-05-08T19:45:00,11,72.73,2.82,57.68,5.24,-17.84,17.09,22.85,-17.84,537,0,Historically tested starting point; not a guarantee.
GOOGL,Large-cap stocks,Breakout Strategy,none,Strong Fit,626,2026-02-05T21:15:00,2026-05-08T19:45:00,4,50.0,2.7,102.61,25.65,-60.39,94.25,132.35,-36.76,579,0,Historically tested starting point; not a guarantee.
GOOGL,Large-cap stocks,Breakout Strategy,5pct,Strong Fit,626,2026-02-05T21:15:00,2026-05-08T19:45:00,4,50.0,2.7,102.61,25.65,-60.39,94.25,132.35,-36.76,579,0,Historically tested starting point; not a guarantee.
GOOGL,Large-cap stocks,Bollinger Reversion Strategy,2pct,Strong Fit,626,2026-02-05T21:15:00,2026-05-08T19:45:00,11,72.73,2.64,55.52,5.05,-20.0,17.09,22.85,-20.0,537,0,Historically tested starting point; not a guarantee.
GOOGL,Large-cap stocks,EMA Strategy,2pct,Acceptable Fit,626,2026-02-05T21:15:00,2026-05-08T19:45:00,3,33.33,8.02,280.72,93.57,-40.0,157.33,320.72,-20.0,584,0,Historically tested starting point; not a guarantee.
GOOGL,Large-cap stocks,EMA Strategy,3pct,Acceptable Fit,626,2026-02-05T21:15:00,2026-05-08T19:45:00,3,33.33,5.35,260.72,86.91,-60.0,158,320.72,-30.0,584,0,Historically tested starting point; not a guarantee.
GOOGL,Large-cap stocks,EMA Strategy,5pct,Acceptable Fit,626,2026-02-05T21:15:00,2026-05-08T19:45:00,3,33.33,3.21,220.72,73.57,-100.0,188.33,320.72,-50.0,584,0,Historically tested starting point; not a guarantee.
GOOGL,Large-cap stocks,Opening Range Breakout Strategy,3pct,Acceptable Fit,626,2026-02-05T21:15:00,2026-05-08T19:45:00,14,35.71,2.88,155.0,11.07,-58.71,23.86,121.03,-30.0,561,20,Historically tested starting point; not a guarantee.
GOOGL,Large-cap stocks,Opening Range Breakout Strategy,none,Acceptable Fit,626,2026-02-05T21:15:00,2026-05-08T19:45:00,14,35.71,2.86,154.37,11.03,-59.34,23.93,121.03,-30.62,562,21,Historically tested starting point; not a guarantee.
GOOGL,Large-cap stocks,Opening Range Breakout Strategy,5pct,Acceptable Fit,626,2026-02-05T21:15:00,2026-05-08T19:45:00,14,35.71,2.86,154.37,11.03,-59.34,23.93,121.03,-30.62,562,21,Historically tested starting point; not a guarantee.
GOOGL,Large-cap stocks,Opening Range Breakout Strategy,2pct,Acceptable Fit,626,2026-02-05T21:15:00,2026-05-08T19:45:00,15,33.33,2.76,162.24,10.82,-48.71,22.13,121.03,-20.0,560,20,Historically tested starting point; not a guarantee.
GOOGL,Large-cap stocks,RSI Reversion Strategy,2pct,Acceptable Fit,626,2026-02-05T21:15:00,2026-05-08T19:45:00,4,25.0,2.11,66.43,16.61,-60.0,47,126.43,-20.0,587,0,Historically tested starting point; not a guarantee.
GOOGL,Large-cap stocks,RSI Reversion Strategy,3pct,Acceptable Fit,626,2026-02-05T21:15:00,2026-05-08T19:45:00,3,33.33,2.11,66.43,22.14,-60.0,70.67,126.43,-30.0,588,0,Historically tested starting point; not a guarantee.
GOOGL,Large-cap stocks,ADX Trend Strategy,none,Acceptable Fit,626,2026-02-05T21:15:00,2026-05-08T19:45:00,36,38.89,1.6,49.94,1.39,-33.81,7.64,25.69,-11.04,39,0,Historically tested starting point; not a guarantee.
GOOGL,Large-cap stocks,ADX Trend Strategy,3pct,Acceptable Fit,626,2026-02-05T21:15:00,2026-05-08T19:45:00,36,38.89,1.6,49.94,1.39,-33.81,7.64,25.69,-11.04,39,0,Historically tested starting point; not a guarantee.
GOOGL,Large-cap stocks,ADX Trend Strategy,5pct,Acceptable Fit,626,2026-02-05T21:15:00,2026-05-08T19:45:00,36,38.89,1.6,49.94,1.39,-33.81,7.64,25.69,-11.04,39,0,Historically tested starting point; not a guarantee.
GOOGL,Large-cap stocks,VWAP Strategy,none,Acceptable Fit,626,2026-02-05T21:15:00,2026-05-08T19:45:00,8,37.5,1.51,19.05,2.38,-19.31,13,37.1,-12.58,549,0,Historically tested starting point; not a guarantee.
GOOGL,Large-cap stocks,VWAP Strategy,2pct,Acceptable Fit,626,2026-02-05T21:15:00,2026-05-08T19:45:00,8,37.5,1.51,19.05,2.38,-19.31,13,37.1,-12.58,549,0,Historically tested starting point; not a guarantee.
GOOGL,Large-cap stocks,VWAP Strategy,3pct,Acceptable Fit,626,2026-02-05T21:15:00,2026-05-08T19:45:00,8,37.5,1.51,19.05,2.38,-19.31,13,37.1,-12.58,549,0,Historically tested starting point; not a guarantee.
GOOGL,Large-cap stocks,VWAP Strategy,5pct,Acceptable Fit,626,2026-02-05T21:15:00,2026-05-08T19:45:00,8,37.5,1.51,19.05,2.38,-19.31,13,37.1,-12.58,549,0,Historically tested starting point; not a guarantee.
GOOGL,Large-cap stocks,ADX Trend Strategy,2pct,Acceptable Fit,626,2026-02-05T21:15:00,2026-05-08T19:45:00,37,40.54,1.47,46.56,1.26,-39.6,7.41,25.69,-20.0,38,0,Historically tested starting point; not a guarantee.
GOOGL,Large-cap stocks,EMA Strategy,none,Watch / Needs More Data,626,2026-02-05T21:15:00,2026-05-08T19:45:00,1,100.0,229.03,229.03,229.03,0.0,588,229.03,229.03,586,0,Needs more closed trades before relying on this pairing.
GOOGL,Large-cap stocks,RSI Reversion Strategy,none,Watch / Needs More Data,626,2026-02-05T21:15:00,2026-05-08T19:45:00,1,100.0,45.77,45.77,45.77,0.0,225,45.77,45.77,590,0,Needs more closed trades before relying on this pairing.
GOOGL,Large-cap stocks,RSI Reversion Strategy,5pct,Watch / Needs More Data,626,2026-02-05T21:15:00,2026-05-08T19:45:00,2,50.0,2.53,76.43,38.22,-50.0,95,126.43,-50.0,589,0,Needs more closed trades before relying on this pairing.
GOOGL,Large-cap stocks,Pullback Strategy,none,Watch / Needs More Data,626,2026-02-05T21:15:00,2026-05-08T19:45:00,0,0.0,0.0,0,0.0,0.0,0.0,0.0,0.0,403,0,Needs more closed trades before relying on this pairing.
GOOGL,Large-cap stocks,Pullback Strategy,2pct,Watch / Needs More Data,626,2026-02-05T21:15:00,2026-05-08T19:45:00,0,0.0,0.0,0,0.0,0.0,0.0,0.0,0.0,403,0,Needs more closed trades before relying on this pairing.
GOOGL,Large-cap stocks,Pullback Strategy,3pct,Watch / Needs More Data,626,2026-02-05T21:15:00,2026-05-08T19:45:00,0,0.0,0.0,0,0.0,0.0,0.0,0.0,0.0,403,0,Needs more closed trades before relying on this pairing.
GOOGL,Large-cap stocks,Pullback Strategy,5pct,Watch / Needs More Data,626,2026-02-05T21:15:00,2026-05-08T19:45:00,0,0.0,0.0,0,0.0,0.0,0.0,0.0,0.0,403,0,Needs more closed trades before relying on this pairing.
GOOGL,Large-cap stocks,Relative Strength Strategy,none,Not Recommended,626,2026-02-05T21:15:00,2026-05-08T19:45:00,25,28.0,0.99,-0.77,-0.03,-45.15,1.84,37.1,-11.78,363,304,Weak profit factor in the available sample.
GOOGL,Large-cap stocks,Relative Strength Strategy,2pct,Not Recommended,626,2026-02-05T21:15:00,2026-05-08T19:45:00,25,28.0,0.99,-0.77,-0.03,-45.15,1.84,37.1,-11.78,363,304,Weak profit factor in the available sample.
GOOGL,Large-cap stocks,Relative Strength Strategy,3pct,Not Recommended,626,2026-02-05T21:15:00,2026-05-08T19:45:00,25,28.0,0.99,-0.77,-0.03,-45.15,1.84,37.1,-11.78,363,304,Weak profit factor in the available sample.
GOOGL,Large-cap stocks,Relative Strength Strategy,5pct,Not Recommended,626,2026-02-05T21:15:00,2026-05-08T19:45:00,25,28.0,0.99,-0.77,-0.03,-45.15,1.84,37.1,-11.78,363,304,Weak profit factor in the available sample.
META,Large-cap stocks,RSI Reversion Strategy,none,Strong Fit,621,2026-02-05T21:45:00,2026-05-08T19:45:00,3,100.0,46.25,46.25,15.42,0.0,86.67,23.65,5.12,588,0,Historically tested starting point; not a guarantee.
META,Large-cap stocks,RSI Reversion Strategy,5pct,Strong Fit,621,2026-02-05T21:45:00,2026-05-08T19:45:00,3,100.0,46.25,46.25,15.42,0.0,86.67,23.65,5.12,588,0,Historically tested starting point; not a guarantee.
META,Large-cap stocks,Donchian Breakout Strategy,none,Strong Fit,621,2026-02-05T21:45:00,2026-05-08T19:45:00,4,50.0,6.2,25.35,6.34,-4.87,62,26.58,-4.39,556,0,Historically tested starting point; not a guarantee.
META,Large-cap stocks,Donchian Breakout Strategy,3pct,Strong Fit,621,2026-02-05T21:45:00,2026-05-08T19:45:00,4,50.0,6.2,25.35,6.34,-4.87,62,26.58,-4.39,556,0,Historically tested starting point; not a guarantee.
META,Large-cap stocks,Donchian Breakout Strategy,5pct,Strong Fit,621,2026-02-05T21:45:00,2026-05-08T19:45:00,4,50.0,6.2,25.35,6.34,-4.87,62,26.58,-4.39,556,0,Historically tested starting point; not a guarantee.
META,Large-cap stocks,RSI Reversion Strategy,3pct,Strong Fit,621,2026-02-05T21:45:00,2026-05-08T19:45:00,4,75.0,2.31,39.4,9.85,-30.0,63.75,28.26,-30.0,587,0,Historically tested starting point; not a guarantee.
META,Large-cap stocks,RSI Reversion Strategy,2pct,Strong Fit,621,2026-02-05T21:45:00,2026-05-08T19:45:00,5,60.0,1.73,29.4,5.88,-40.0,50.6,28.26,-20.0,586,0,Historically tested starting point; not a guarantee.
META,Large-cap stocks,Breakout Strategy,none,Acceptable Fit,621,2026-02-05T21:45:00,2026-05-08T19:45:00,4,25.0,1.08,2.0,0.5,-18.77,65,26.58,-18.77,573,0,Historically tested starting point; not a guarantee.
META,Large-cap stocks,Breakout Strategy,3pct,Acceptable Fit,621,2026-02-05T21:45:00,2026-05-08T19:45:00,4,25.0,1.08,2.0,0.5,-18.77,65,26.58,-18.77,573,0,Historically tested starting point; not a guarantee.
META,Large-cap stocks,Breakout Strategy,5pct,Acceptable Fit,621,2026-02-05T21:45:00,2026-05-08T19:45:00,4,25.0,1.08,2.0,0.5,-18.77,65,26.58,-18.77,573,0,Historically tested starting point; not a guarantee.
META,Large-cap stocks,EMA Strategy,none,Watch / Needs More Data,621,2026-02-05T21:45:00,2026-05-08T19:45:00,1,0.0,0.0,-90.05,-90.05,-90.05,513,-90.05,-90.05,586,0,Needs more closed trades before relying on this pairing.
META,Large-cap stocks,Pullback Strategy,none,Watch / Needs More Data,621,2026-02-05T21:45:00,2026-05-08T19:45:00,0,0.0,0.0,0,0.0,0.0,0.0,0.0,0.0,250,0,Needs more closed trades before relying on this pairing.
META,Large-cap stocks,Pullback Strategy,2pct,Watch / Needs More Data,621,2026-02-05T21:45:00,2026-05-08T19:45:00,0,0.0,0.0,0,0.0,0.0,0.0,0.0,0.0,250,0,Needs more closed trades before relying on this pairing.
META,Large-cap stocks,Pullback Strategy,3pct,Watch / Needs More Data,621,2026-02-05T21:45:00,2026-05-08T19:45:00,0,0.0,0.0,0,0.0,0.0,0.0,0.0,0.0,250,0,Needs more closed trades before relying on this pairing.
META,Large-cap stocks,Pullback Strategy,5pct,Watch / Needs More Data,621,2026-02-05T21:45:00,2026-05-08T19:45:00,0,0.0,0.0,0,0.0,0.0,0.0,0.0,0.0,250,0,Needs more closed trades before relying on this pairing.
META,Large-cap stocks,Momentum Strategy,none,Watch / Needs More Data,621,2026-02-05T21:45:00,2026-05-08T19:45:00,2,0.0,0.0,-20.1,-10.05,-20.1,147,-3.41,-16.69,609,0,Needs more closed trades before relying on this pairing.
META,Large-cap stocks,Donchian Breakout Strategy,2pct,Not Recommended,621,2026-02-05T21:45:00,2026-05-08T19:45:00,5,40.0,1.04,0.93,0.19,-20.0,39,22.16,-20.0,555,0,Weak profit factor in the available sample.
META,Large-cap stocks,Bollinger Reversion Strategy,3pct,Not Recommended,621,2026-02-05T21:45:00,2026-05-08T19:45:00,22,36.36,0.65,-41.09,-1.87,-55.98,12.73,22.35,-30.0,505,0,Weak profit factor in the available sample.
META,Large-cap stocks,Bollinger Reversion Strategy,5pct,Not Recommended,621,2026-02-05T21:45:00,2026-05-08T19:45:00,22,36.36,0.55,-61.09,-2.78,-75.98,12.73,22.35,-50.0,505,0,Weak profit factor in the available sample.
META,Large-cap stocks,Opening Range Breakout Strategy,2pct,Not Recommended,621,2026-02-05T21:45:00,2026-05-08T19:45:00,12,33.33,0.54,-50.87,-4.24,-67.77,23.42,37.25,-20.0,557,21,Weak profit factor in the available sample.
META,Large-cap stocks,Bollinger Reversion Strategy,none,Not Recommended,621,2026-02-05T21:45:00,2026-05-08T19:45:00,22,36.36,0.54,-63.59,-2.89,-78.48,12.77,22.35,-52.5,506,0,Weak profit factor in the available sample.
META,Large-cap stocks,Bollinger Reversion Strategy,2pct,Not Recommended,621,2026-02-05T21:45:00,2026-05-08T19:45:00,22,31.82,0.5,-70.89,-3.22,-85.77,11.91,22.35,-20.0,503,0,Weak profit factor in the available sample.
META,Large-cap stocks,Opening Range Breakout Strategy,5pct,Not Recommended,621,2026-02-05T21:45:00,2026-05-08T19:45:00,11,36.36,0.49,-62.89,-5.72,-96.1,28.09,37.25,-50.0,559,22,Weak profit factor in the available sample.
META,Large-cap stocks,Breakout Strategy,2pct,Not Recommended,621,2026-02-05T21:45:00,2026-05-08T19:45:00,5,20.0,0.48,-23.64,-4.73,-40.0,41.4,22.16,-20.0,572,0,Weak profit factor in the available sample.
META,Large-cap stocks,Relative Strength Strategy,none,Not Recommended,621,2026-02-05T21:45:00,2026-05-08T19:45:00,13,30.77,0.48,-15.68,-1.21,-23.13,1.92,6.99,-10.85,345,301,Weak profit factor in the available sample.
META,Large-cap stocks,Relative Strength Strategy,2pct,Not Recommended,621,2026-02-05T21:45:00,2026-05-08T19:45:00,13,30.77,0.48,-15.68,-1.21,-23.13,1.92,6.99,-10.85,345,301,Weak profit factor in the available sample.
META,Large-cap stocks,Relative Strength Strategy,3pct,Not Recommended,621,2026-02-05T21:45:00,2026-05-08T19:45:00,13,30.77,0.48,-15.68,-1.21,-23.13,1.92,6.99,-10.85,345,301,Weak profit factor in the available sample.
META,Large-cap stocks,Relative Strength Strategy,5pct,Not Recommended,621,2026-02-05T21:45:00,2026-05-08T19:45:00,13,30.77,0.48,-15.68,-1.21,-23.13,1.92,6.99,-10.85,345,301,Weak profit factor in the available sample.
META,Large-cap stocks,Opening Range Breakout Strategy,3pct,Not Recommended,621,2026-02-05T21:45:00,2026-05-08T19:45:00,12,33.33,0.47,-68.24,-5.69,-77.02,23.83,37.25,-30.0,558,22,Weak profit factor in the available sample.
META,Large-cap stocks,Opening Range Breakout Strategy,none,Not Recommended,621,2026-02-05T21:45:00,2026-05-08T19:45:00,11,36.36,0.46,-69.75,-6.34,-102.95,28.18,37.25,-56.85,560,22,Weak profit factor in the available sample.
META,Large-cap stocks,VWAP Strategy,none,Not Recommended,621,2026-02-05T21:45:00,2026-05-08T19:45:00,5,20.0,0.35,-26.6,-5.32,-40.99,12.8,14.39,-18.33,549,0,Weak profit factor in the available sample.
META,Large-cap stocks,VWAP Strategy,3pct,Not Recommended,621,2026-02-05T21:45:00,2026-05-08T19:45:00,5,20.0,0.35,-26.6,-5.32,-40.99,12.8,14.39,-18.33,549,0,Weak profit factor in the available sample.
META,Large-cap stocks,VWAP Strategy,5pct,Not Recommended,621,2026-02-05T21:45:00,2026-05-08T19:45:00,5,20.0,0.35,-26.6,-5.32,-40.99,12.8,14.39,-18.33,549,0,Weak profit factor in the available sample.
META,Large-cap stocks,VWAP Strategy,2pct,Not Recommended,621,2026-02-05T21:45:00,2026-05-08T19:45:00,5,20.0,0.34,-28.27,-5.65,-42.66,12.8,14.39,-20.0,549,0,Weak profit factor in the available sample.
META,Large-cap stocks,ADX Trend Strategy,2pct,Not Recommended,621,2026-02-05T21:45:00,2026-05-08T19:45:00,35,22.86,0.1,-153.21,-4.38,-153.21,4.37,8.18,-20.0,24,0,Weak profit factor in the available sample.
META,Large-cap stocks,ADX Trend Strategy,3pct,Not Recommended,621,2026-02-05T21:45:00,2026-05-08T19:45:00,35,22.86,0.09,-160.92,-4.6,-160.92,4.4,8.18,-30.0,24,0,Weak profit factor in the available sample.
META,Large-cap stocks,ADX Trend Strategy,5pct,Not Recommended,621,2026-02-05T21:45:00,2026-05-08T19:45:00,35,22.86,0.09,-180.92,-5.17,-180.92,4.4,8.18,-50.0,24,0,Drawdown was high in the available sample.
META,Large-cap stocks,ADX Trend Strategy,none,Not Recommended,621,2026-02-05T21:45:00,2026-05-08T19:45:00,35,22.86,0.08,-199.31,-5.69,-199.31,4.4,8.18,-68.39,24,0,Drawdown was high in the available sample.
META,Large-cap stocks,Momentum Strategy,2pct,Not Recommended,621,2026-02-05T21:45:00,2026-05-08T19:45:00,3,33.33,0.02,-39.32,-13.11,-39.32,38,0.68,-20.0,607,0,Weak profit factor in the available sample.
META,Large-cap stocks,Momentum Strategy,3pct,Not Recommended,621,2026-02-05T21:45:00,2026-05-08T19:45:00,3,33.33,0.01,-46.0,-15.33,-46.0,52.67,0.68,-30.0,608,0,Weak profit factor in the available sample.
META,Large-cap stocks,Momentum Strategy,5pct,Not Recommended,621,2026-02-05T21:45:00,2026-05-08T19:45:00,3,33.33,0.01,-66.0,-22.0,-66.0,60.33,0.68,-50.0,608,0,Weak profit factor in the available sample.
META,Large-cap stocks,EMA Strategy,2pct,Not Recommended,621,2026-02-05T21:45:00,2026-05-08T19:45:00,4,0.0,0.0,-65.32,-16.33,-65.32,90.25,-5.32,-20.0,583,0,Weak profit factor in the available sample.
META,Large-cap stocks,EMA Strategy,3pct,Not Recommended,621,2026-02-05T21:45:00,2026-05-08T19:45:00,3,0.0,0.0,-62.73,-20.91,-62.73,123,-2.73,-30.0,584,0,Weak profit factor in the available sample.
META,Large-cap stocks,EMA Strategy,5pct,Not Recommended,621,2026-02-05T21:45:00,2026-05-08T19:45:00,3,0.0,0.0,-102.73,-34.24,-102.73,131,-2.73,-50.0,584,0,Weak profit factor in the available sample.
MSFT,Large-cap stocks,Breakout Strategy,none,Strong Fit,476,2026-02-05T21:30:00,2026-05-01T20:15:00,3,100.0,24.6,24.6,8.2,0.0,61.67,21.1,1.06,428,0,Historically tested starting point; not a guarantee.
MSFT,Large-cap stocks,Breakout Strategy,2pct,Strong Fit,476,2026-02-05T21:30:00,2026-05-01T20:15:00,3,100.0,24.6,24.6,8.2,0.0,61.67,21.1,1.06,428,0,Historically tested starting point; not a guarantee.
MSFT,Large-cap stocks,Breakout Strategy,3pct,Strong Fit,476,2026-02-05T21:30:00,2026-05-01T20:15:00,3,100.0,24.6,24.6,8.2,0.0,61.67,21.1,1.06,428,0,Historically tested starting point; not a guarantee.
MSFT,Large-cap stocks,Breakout Strategy,5pct,Strong Fit,476,2026-02-05T21:30:00,2026-05-01T20:15:00,3,100.0,24.6,24.6,8.2,0.0,61.67,21.1,1.06,428,0,Historically tested starting point; not a guarantee.
MSFT,Large-cap stocks,RSI Reversion Strategy,3pct,Strong Fit,476,2026-02-05T21:30:00,2026-05-01T20:15:00,3,66.67,2.14,34.34,11.45,-30.0,85,42.72,-30.0,438,0,Historically tested starting point; not a guarantee.
MSFT,Large-cap stocks,Donchian Breakout Strategy,none,Strong Fit,476,2026-02-05T21:30:00,2026-05-01T20:15:00,4,75.0,1.82,12.85,3.21,-15.76,48.75,21.1,-15.76,419,0,Historically tested starting point; not a guarantee.
MSFT,Large-cap stocks,Donchian Breakout Strategy,2pct,Strong Fit,476,2026-02-05T21:30:00,2026-05-01T20:15:00,4,75.0,1.82,12.85,3.21,-15.76,48.75,21.1,-15.76,419,0,Historically tested starting point; not a guarantee.
MSFT,Large-cap stocks,Donchian Breakout Strategy,3pct,Strong Fit,476,2026-02-05T21:30:00,2026-05-01T20:15:00,4,75.0,1.82,12.85,3.21,-15.76,48.75,21.1,-15.76,419,0,Historically tested starting point; not a guarantee.
MSFT,Large-cap stocks,Donchian Breakout Strategy,5pct,Strong Fit,476,2026-02-05T21:30:00,2026-05-01T20:15:00,4,75.0,1.82,12.85,3.21,-15.76,48.75,21.1,-15.76,419,0,Historically tested starting point; not a guarantee.
MSFT,Large-cap stocks,RSI Reversion Strategy,5pct,Acceptable Fit,476,2026-02-05T21:30:00,2026-05-01T20:15:00,3,66.67,1.49,24.36,8.12,-50.0,85.33,42.72,-50.0,438,0,Historically tested starting point; not a guarantee.
MSFT,Large-cap stocks,RSI Reversion Strategy,2pct,Acceptable Fit,476,2026-02-05T21:30:00,2026-05-01T20:15:00,5,40.0,1.36,21.46,4.29,-40.0,50,59.84,-20.0,436,0,Historically tested starting point; not a guarantee.
MSFT,Large-cap stocks,Relative Strength Strategy,none,Acceptable Fit,476,2026-02-05T21:30:00,2026-05-01T20:15:00,7,42.86,1.08,0.44,0.06,-2.52,3,2.91,-2.52,342,314,Historically tested starting point; not a guarantee.
MSFT,Large-cap stocks,Relative Strength Strategy,2pct,Acceptable Fit,476,2026-02-05T21:30:00,2026-05-01T20:15:00,7,42.86,1.08,0.44,0.06,-2.52,3,2.91,-2.52,342,314,Historically tested starting point; not a guarantee.
MSFT,Large-cap stocks,Relative Strength Strategy,3pct,Acceptable Fit,476,2026-02-05T21:30:00,2026-05-01T20:15:00,7,42.86,1.08,0.44,0.06,-2.52,3,2.91,-2.52,342,314,Historically tested starting point; not a guarantee.
MSFT,Large-cap stocks,Relative Strength Strategy,5pct,Acceptable Fit,476,2026-02-05T21:30:00,2026-05-01T20:15:00,7,42.86,1.08,0.44,0.06,-2.52,3,2.91,-2.52,342,314,Historically tested starting point; not a guarantee.
MSFT,Large-cap stocks,EMA Strategy,none,Watch / Needs More Data,476,2026-02-05T21:30:00,2026-05-01T20:15:00,1,100.0,21.92,21.92,21.92,0.0,332,21.92,21.92,444,0,Needs more closed trades before relying on this pairing.
MSFT,Large-cap stocks,EMA Strategy,3pct,Watch / Needs More Data,476,2026-02-05T21:30:00,2026-05-01T20:15:00,1,100.0,21.92,21.92,21.92,0.0,332,21.92,21.92,444,0,Needs more closed trades before relying on this pairing.
MSFT,Large-cap stocks,EMA Strategy,5pct,Watch / Needs More Data,476,2026-02-05T21:30:00,2026-05-01T20:15:00,1,100.0,21.92,21.92,21.92,0.0,332,21.92,21.92,444,0,Needs more closed trades before relying on this pairing.
MSFT,Large-cap stocks,VWAP Strategy,none,Watch / Needs More Data,476,2026-02-05T21:30:00,2026-05-01T20:15:00,2,50.0,15.85,24.63,12.32,-1.66,30.5,26.29,-1.66,427,0,Needs more closed trades before relying on this pairing.
MSFT,Large-cap stocks,VWAP Strategy,2pct,Watch / Needs More Data,476,2026-02-05T21:30:00,2026-05-01T20:15:00,2,50.0,15.85,24.63,12.32,-1.66,30.5,26.29,-1.66,427,0,Needs more closed trades before relying on this pairing.
MSFT,Large-cap stocks,VWAP Strategy,3pct,Watch / Needs More Data,476,2026-02-05T21:30:00,2026-05-01T20:15:00,2,50.0,15.85,24.63,12.32,-1.66,30.5,26.29,-1.66,427,0,Needs more closed trades before relying on this pairing.
MSFT,Large-cap stocks,VWAP Strategy,5pct,Watch / Needs More Data,476,2026-02-05T21:30:00,2026-05-01T20:15:00,2,50.0,15.85,24.63,12.32,-1.66,30.5,26.29,-1.66,427,0,Needs more closed trades before relying on this pairing.
MSFT,Large-cap stocks,RSI Reversion Strategy,none,Watch / Needs More Data,476,2026-02-05T21:30:00,2026-05-01T20:15:00,2,50.0,2.35,24.55,12.27,-18.17,129.5,42.72,-18.17,439,0,Needs more closed trades before relying on this pairing.
MSFT,Large-cap stocks,Momentum Strategy,none,Watch / Needs More Data,476,2026-02-05T21:30:00,2026-05-01T20:15:00,2,50.0,1.87,11.28,5.64,-12.95,96.5,24.23,-12.95,462,0,Needs more closed trades before relying on this pairing.
MSFT,Large-cap stocks,Momentum Strategy,5pct,Watch / Needs More Data,476,2026-02-05T21:30:00,2026-05-01T20:15:00,2,50.0,1.87,11.28,5.64,-12.95,96.5,24.23,-12.95,462,0,Needs more closed trades before relying on this pairing.
MSFT,Large-cap stocks,EMA Strategy,2pct,Watch / Needs More Data,476,2026-02-05T21:30:00,2026-05-01T20:15:00,2,50.0,1.75,14.93,7.47,-20.0,151.5,34.93,-20.0,443,0,Needs more closed trades before relying on this pairing.
MSFT,Large-cap stocks,Pullback Strategy,none,Watch / Needs More Data,476,2026-02-05T21:30:00,2026-05-01T20:15:00,0,0.0,0.0,0,0.0,0.0,0.0,0.0,0.0,244,0,Needs more closed trades before relying on this pairing.
MSFT,Large-cap stocks,Pullback Strategy,2pct,Watch / Needs More Data,476,2026-02-05T21:30:00,2026-05-01T20:15:00,0,0.0,0.0,0,0.0,0.0,0.0,0.0,0.0,244,0,Needs more closed trades before relying on this pairing.
MSFT,Large-cap stocks,Pullback Strategy,3pct,Watch / Needs More Data,476,2026-02-05T21:30:00,2026-05-01T20:15:00,0,0.0,0.0,0,0.0,0.0,0.0,0.0,0.0,244,0,Needs more closed trades before relying on this pairing.
MSFT,Large-cap stocks,Pullback Strategy,5pct,Watch / Needs More Data,476,2026-02-05T21:30:00,2026-05-01T20:15:00,0,0.0,0.0,0,0.0,0.0,0.0,0.0,0.0,244,0,Needs more closed trades before relying on this pairing.
MSFT,Large-cap stocks,Opening Range Breakout Strategy,none,Not Recommended,476,2026-02-05T21:30:00,2026-05-01T20:15:00,12,33.33,0.56,-32.85,-2.74,-71.29,18.42,35.48,-19.06,429,15,Weak profit factor in the available sample.
MSFT,Large-cap stocks,Opening Range Breakout Strategy,3pct,Not Recommended,476,2026-02-05T21:30:00,2026-05-01T20:15:00,12,33.33,0.56,-32.85,-2.74,-71.29,18.42,35.48,-19.06,429,15,Weak profit factor in the available sample.
MSFT,Large-cap stocks,Opening Range Breakout Strategy,5pct,Not Recommended,476,2026-02-05T21:30:00,2026-05-01T20:15:00,12,33.33,0.56,-32.85,-2.74,-71.29,18.42,35.48,-19.06,429,15,Weak profit factor in the available sample.
MSFT,Large-cap stocks,Opening Range Breakout Strategy,2pct,Not Recommended,476,2026-02-05T21:30:00,2026-05-01T20:15:00,12,33.33,0.55,-34.79,-2.9,-73.23,18.25,35.48,-20.0,427,14,Weak profit factor in the available sample.
MSFT,Large-cap stocks,Bollinger Reversion Strategy,3pct,Not Recommended,476,2026-02-05T21:30:00,2026-05-01T20:15:00,15,33.33,0.36,-67.05,-4.47,-88.67,17.73,21.62,-30.0,391,0,Weak profit factor in the available sample.
MSFT,Large-cap stocks,Bollinger Reversion Strategy,none,Not Recommended,476,2026-02-05T21:30:00,2026-05-01T20:15:00,15,33.33,0.35,-68.45,-4.56,-90.06,17.8,21.62,-31.39,392,0,Weak profit factor in the available sample.
MSFT,Large-cap stocks,Bollinger Reversion Strategy,5pct,Not Recommended,476,2026-02-05T21:30:00,2026-05-01T20:15:00,15,33.33,0.35,-68.45,-4.56,-90.06,17.8,21.62,-31.39,392,0,Weak profit factor in the available sample.
MSFT,Large-cap stocks,Bollinger Reversion Strategy,2pct,Not Recommended,476,2026-02-05T21:30:00,2026-05-01T20:15:00,15,33.33,0.34,-70.96,-4.73,-92.58,17.73,21.62,-20.0,391,0,Weak profit factor in the available sample.
MSFT,Large-cap stocks,ADX Trend Strategy,none,Not Recommended,476,2026-02-05T21:30:00,2026-05-01T20:15:00,30,30.0,0.32,-92.17,-3.07,-109.89,6.17,16.41,-19.95,12,0,Weak profit factor in the available sample.
MSFT,Large-cap stocks,ADX Trend Strategy,3pct,Not Recommended,476,2026-02-05T21:30:00,2026-05-01T20:15:00,30,30.0,0.32,-92.17,-3.07,-109.89,6.17,16.41,-19.95,12,0,Weak profit factor in the available sample.
MSFT,Large-cap stocks,ADX Trend Strategy,5pct,Not Recommended,476,2026-02-05T21:30:00,2026-05-01T20:15:00,30,30.0,0.32,-92.17,-3.07,-109.89,6.17,16.41,-19.95,12,0,Weak profit factor in the available sample.
MSFT,Large-cap stocks,ADX Trend Strategy,2pct,Not Recommended,476,2026-02-05T21:30:00,2026-05-01T20:15:00,30,30.0,0.32,-94.0,-3.13,-111.72,6.17,16.41,-20.0,12,0,Weak profit factor in the available sample.
MSFT,Large-cap stocks,Momentum Strategy,2pct,Not Recommended,476,2026-02-05T21:30:00,2026-05-01T20:15:00,3,0.0,0.0,-44.02,-14.67,-44.02,26,-4.02,-20.0,461,0,Weak profit factor in the available sample.
MSFT,Large-cap stocks,Momentum Strategy,3pct,Not Recommended,476,2026-02-05T21:30:00,2026-05-01T20:15:00,3,0.0,0.0,-46.96,-15.65,-46.96,53.33,-4.02,-30.0,461,0,Weak profit factor in the available sample.
NVDA,Large-cap stocks,Momentum Strategy,none,Strong Fit,1122,2026-02-05T21:15:00,2026-05-08T19:45:00,4,75.0,82.64,97.89,24.47,-1.2,123,40.96,-1.2,1103,0,Historically tested starting point; not a guarantee.
NVDA,Large-cap stocks,VWAP Strategy,none,Strong Fit,1122,2026-02-05T21:15:00,2026-05-08T19:45:00,7,71.43,12.76,169.85,24.26,-14.44,23,63.48,-9.8,1043,0,Historically tested starting point; not a guarantee.
NVDA,Large-cap stocks,VWAP Strategy,2pct,Strong Fit,1122,2026-02-05T21:15:00,2026-05-08T19:45:00,7,71.43,12.76,169.85,24.26,-14.44,23,63.48,-9.8,1043,0,Historically tested starting point; not a guarantee.
NVDA,Large-cap stocks,VWAP Strategy,3pct,Strong Fit,1122,2026-02-05T21:15:00,2026-05-08T19:45:00,7,71.43,12.76,169.85,24.26,-14.44,23,63.48,-9.8,1043,0,Historically tested starting point; not a guarantee.
NVDA,Large-cap stocks,VWAP Strategy,5pct,Strong Fit,1122,2026-02-05T21:15:00,2026-05-08T19:45:00,7,71.43,12.76,169.85,24.26,-14.44,23,63.48,-9.8,1043,0,Historically tested starting point; not a guarantee.
NVDA,Large-cap stocks,Opening Range Breakout Strategy,none,Strong Fit,1122,2026-02-05T21:15:00,2026-05-08T19:45:00,18,61.11,9.94,273.33,15.18,-17.39,31.67,60.87,-9.58,1062,23,Historically tested starting point; not a guarantee.
NVDA,Large-cap stocks,Opening Range Breakout Strategy,3pct,Strong Fit,1122,2026-02-05T21:15:00,2026-05-08T19:45:00,18,61.11,9.94,273.33,15.18,-17.39,31.67,60.87,-9.58,1062,23,Historically tested starting point; not a guarantee.
NVDA,Large-cap stocks,Opening Range Breakout Strategy,5pct,Strong Fit,1122,2026-02-05T21:15:00,2026-05-08T19:45:00,18,61.11,9.94,273.33,15.18,-17.39,31.67,60.87,-9.58,1062,23,Historically tested starting point; not a guarantee.
NVDA,Large-cap stocks,RSI Reversion Strategy,none,Strong Fit,1122,2026-02-05T21:15:00,2026-05-08T19:45:00,7,85.71,7.67,73.22,10.46,-10.97,72.57,33.74,-10.97,1067,0,Historically tested starting point; not a guarantee.
NVDA,Large-cap stocks,RSI Reversion Strategy,5pct,Strong Fit,1122,2026-02-05T21:15:00,2026-05-08T19:45:00,7,85.71,7.67,73.22,10.46,-10.97,72.57,33.74,-10.97,1067,0,Historically tested starting point; not a guarantee.
NVDA,Large-cap stocks,Opening Range Breakout Strategy,2pct,Strong Fit,1122,2026-02-05T21:15:00,2026-05-08T19:45:00,18,61.11,6.13,254.3,14.13,-20.12,31.61,60.87,-20.0,1061,23,Historically tested starting point; not a guarantee.
NVDA,Large-cap stocks,Momentum Strategy,2pct,Strong Fit,1122,2026-02-05T21:15:00,2026-05-08T19:45:00,5,60.0,5.85,102.75,20.55,-21.2,64.2,46.34,-20.0,1102,0,Historically tested starting point; not a guarantee.
NVDA,Large-cap stocks,Donchian Breakout Strategy,none,Strong Fit,1122,2026-02-05T21:15:00,2026-05-08T19:45:00,11,63.64,5.51,139.22,12.66,-21.75,51.27,77.37,-16.2,1014,0,Historically tested starting point; not a guarantee.
NVDA,Large-cap stocks,Donchian Breakout Strategy,3pct,Strong Fit,1122,2026-02-05T21:15:00,2026-05-08T19:45:00,11,63.64,5.51,139.22,12.66,-21.75,51.27,77.37,-16.2,1014,0,Historically tested starting point; not a guarantee.
NVDA,Large-cap stocks,Donchian Breakout Strategy,5pct,Strong Fit,1122,2026-02-05T21:15:00,2026-05-08T19:45:00,11,63.64,5.51,139.22,12.66,-21.75,51.27,77.37,-16.2,1014,0,Historically tested starting point; not a guarantee.
NVDA,Large-cap stocks,Momentum Strategy,3pct,Strong Fit,1122,2026-02-05T21:15:00,2026-05-08T19:45:00,5,60.0,3.97,92.75,18.55,-31.2,64.6,46.34,-30.0,1102,0,Historically tested starting point; not a guarantee.
NVDA,Large-cap stocks,Donchian Breakout Strategy,2pct,Strong Fit,1122,2026-02-05T21:15:00,2026-05-08T19:45:00,11,63.64,3.75,124.77,11.34,-36.2,51.18,77.37,-20.0,1013,0,Historically tested starting point; not a guarantee.
NVDA,Large-cap stocks,Bollinger Reversion Strategy,none,Strong Fit,1122,2026-02-05T21:15:00,2026-05-08T19:45:00,33,57.58,3.71,131.81,3.99,-16.33,14.61,71.37,-11.9,942,0,Historically tested starting point; not a guarantee.
NVDA,Large-cap stocks,Bollinger Reversion Strategy,3pct,Strong Fit,1122,2026-02-05T21:15:00,2026-05-08T19:45:00,33,57.58,3.71,131.81,3.99,-16.33,14.61,71.37,-11.9,942,0,Historically tested starting point; not a guarantee.
NVDA,Large-cap stocks,Bollinger Reversion Strategy,5pct,Strong Fit,1122,2026-02-05T21:15:00,2026-05-08T19:45:00,33,57.58,3.71,131.81,3.99,-16.33,14.61,71.37,-11.9,942,0,Historically tested starting point; not a guarantee.
NVDA,Large-cap stocks,RSI Reversion Strategy,3pct,Strong Fit,1122,2026-02-05T21:15:00,2026-05-08T19:45:00,8,87.5,3.42,72.57,9.07,-30.0,63.12,33.74,-30.0,1066,0,Historically tested starting point; not a guarantee.
NVDA,Large-cap stocks,Breakout Strategy,2pct,Strong Fit,1122,2026-02-05T21:15:00,2026-05-08T19:45:00,10,60.0,3.12,104.37,10.44,-40.0,54.8,77.4,-20.0,1046,0,Historically tested starting point; not a guarantee.
NVDA,Large-cap stocks,ADX Trend Strategy,none,Strong Fit,1122,2026-02-05T21:15:00,2026-05-08T19:45:00,50,46.0,2.84,188.8,3.78,-20.26,9.46,75.79,-15.94,51,0,Historically tested starting point; not a guarantee.
NVDA,Large-cap stocks,ADX Trend Strategy,3pct,Strong Fit,1122,2026-02-05T21:15:00,2026-05-08T19:45:00,50,46.0,2.84,188.8,3.78,-20.26,9.46,75.79,-15.94,51,0,Historically tested starting point; not a guarantee.
NVDA,Large-cap stocks,ADX Trend Strategy,5pct,Strong Fit,1122,2026-02-05T21:15:00,2026-05-08T19:45:00,50,46.0,2.84,188.8,3.78,-20.26,9.46,75.79,-15.94,51,0,Historically tested starting point; not a guarantee.
NVDA,Large-cap stocks,Breakout Strategy,none,Strong Fit,1122,2026-02-05T21:15:00,2026-05-08T19:45:00,10,60.0,2.8,98.79,9.88,-45.59,55.2,77.4,-24.03,1048,0,Historically tested starting point; not a guarantee.
NVDA,Large-cap stocks,Breakout Strategy,5pct,Strong Fit,1122,2026-02-05T21:15:00,2026-05-08T19:45:00,10,60.0,2.8,98.79,9.88,-45.59,55.2,77.4,-24.03,1048,0,Historically tested starting point; not a guarantee.
NVDA,Large-cap stocks,Bollinger Reversion Strategy,2pct,Strong Fit,1122,2026-02-05T21:15:00,2026-05-08T19:45:00,33,54.55,2.63,111.72,3.39,-22.0,14.58,71.37,-20.0,941,0,Historically tested starting point; not a guarantee.
NVDA,Large-cap stocks,Breakout Strategy,3pct,Strong Fit,1122,2026-02-05T21:15:00,2026-05-08T19:45:00,10,60.0,2.43,90.34,9.03,-54.03,55.1,77.4,-30.0,1047,0,Historically tested starting point; not a guarantee.
NVDA,Large-cap stocks,Momentum Strategy,5pct,Strong Fit,1122,2026-02-05T21:15:00,2026-05-08T19:45:00,5,60.0,2.42,72.75,14.55,-51.2,87.8,46.34,-50.0,1102,0,Historically tested starting point; not a guarantee.
NVDA,Large-cap stocks,ADX Trend Strategy,2pct,Strong Fit,1122,2026-02-05T21:15:00,2026-05-08T19:45:00,50,46.0,2.4,169.8,3.4,-39.27,9.46,75.79,-20.0,51,0,Historically tested starting point; not a guarantee.
NVDA,Large-cap stocks,RSI Reversion Strategy,2pct,Strong Fit,1122,2026-02-05T21:15:00,2026-05-08T19:45:00,9,66.67,1.8,48.02,5.34,-40.0,49.22,33.74,-20.0,1064,0,Historically tested starting point; not a guarantee.
NVDA,Large-cap stocks,Relative Strength Strategy,none,Acceptable Fit,1122,2026-02-05T21:15:00,2026-05-08T19:45:00,26,38.46,1.45,21.88,0.84,-25.78,2.58,19.85,-4.97,724,622,Historically tested starting point; not a guarantee.
NVDA,Large-cap stocks,Relative Strength Strategy,2pct,Acceptable Fit,1122,2026-02-05T21:15:00,2026-05-08T19:45:00,26,38.46,1.45,21.88,0.84,-25.78,2.58,19.85,-4.97,724,622,Historically tested starting point; not a guarantee.
NVDA,Large-cap stocks,Relative Strength Strategy,3pct,Acceptable Fit,1122,2026-02-05T21:15:00,2026-05-08T19:45:00,26,38.46,1.45,21.88,0.84,-25.78,2.58,19.85,-4.97,724,622,Historically tested starting point; not a guarantee.
NVDA,Large-cap stocks,Relative Strength Strategy,5pct,Acceptable Fit,1122,2026-02-05T21:15:00,2026-05-08T19:45:00,26,38.46,1.45,21.88,0.84,-25.78,2.58,19.85,-4.97,724,622,Historically tested starting point; not a guarantee.
NVDA,Large-cap stocks,EMA Strategy,none,Watch / Needs More Data,1122,2026-02-05T21:15:00,2026-05-08T19:45:00,1,100.0,166.61,166.61,166.61,0.0,1047,166.61,166.61,1075,0,Needs more closed trades before relying on this pairing.
NVDA,Large-cap stocks,EMA Strategy,3pct,Watch / Needs More Data,1122,2026-02-05T21:15:00,2026-05-08T19:45:00,1,100.0,166.61,166.61,166.61,0.0,1047,166.61,166.61,1075,0,Needs more closed trades before relying on this pairing.
NVDA,Large-cap stocks,EMA Strategy,5pct,Watch / Needs More Data,1122,2026-02-05T21:15:00,2026-05-08T19:45:00,1,100.0,166.61,166.61,166.61,0.0,1047,166.61,166.61,1075,0,Needs more closed trades before relying on this pairing.
NVDA,Large-cap stocks,EMA Strategy,2pct,Watch / Needs More Data,1122,2026-02-05T21:15:00,2026-05-08T19:45:00,2,50.0,9.11,162.14,81.07,-20.0,518,182.14,-20.0,1074,0,Needs more closed trades before relying on this pairing.
NVDA,Large-cap stocks,Pullback Strategy,none,Watch / Needs More Data,1122,2026-02-05T21:15:00,2026-05-08T19:45:00,1,0.0,0.0,-7.44,-7.44,-7.44,7,-7.44,-7.44,610,0,Needs more closed trades before relying on this pairing.
NVDA,Large-cap stocks,Pullback Strategy,2pct,Watch / Needs More Data,1122,2026-02-05T21:15:00,2026-05-08T19:45:00,1,0.0,0.0,-7.44,-7.44,-7.44,7,-7.44,-7.44,610,0,Needs more closed trades before relying on this pairing.
NVDA,Large-cap stocks,Pullback Strategy,3pct,Watch / Needs More Data,1122,2026-02-05T21:15:00,2026-05-08T19:45:00,1,0.0,0.0,-7.44,-7.44,-7.44,7,-7.44,-7.44,610,0,Needs more closed trades before relying on this pairing.
NVDA,Large-cap stocks,Pullback Strategy,5pct,Watch / Needs More Data,1122,2026-02-05T21:15:00,2026-05-08T19:45:00,1,0.0,0.0,-7.44,-7.44,-7.44,7,-7.44,-7.44,610,0,Needs more closed trades before relying on this pairing.
SPY,Broad ETFs,EMA Strategy,none,Watch / Needs More Data,43,2026-04-24T12:00:00,2026-04-27T15:15:00,0,0.0,0.0,0,0.0,0.0,0.0,0.0,0.0,19,0,Needs more closed trades before relying on this pairing.
SPY,Broad ETFs,EMA Strategy,2pct,Watch / Needs More Data,43,2026-04-24T12:00:00,2026-04-27T15:15:00,0,0.0,0.0,0,0.0,0.0,0.0,0.0,0.0,19,0,Needs more closed trades before relying on this pairing.
SPY,Broad ETFs,EMA Strategy,3pct,Watch / Needs More Data,43,2026-04-24T12:00:00,2026-04-27T15:15:00,0,0.0,0.0,0,0.0,0.0,0.0,0.0,0.0,19,0,Needs more closed trades before relying on this pairing.
SPY,Broad ETFs,EMA Strategy,5pct,Watch / Needs More Data,43,2026-04-24T12:00:00,2026-04-27T15:15:00,0,0.0,0.0,0,0.0,0.0,0.0,0.0,0.0,19,0,Needs more closed trades before relying on this pairing.
SPY,Broad ETFs,Pullback Strategy,none,Watch / Needs More Data,43,2026-04-24T12:00:00,2026-04-27T15:15:00,0,0.0,0.0,0,0.0,0.0,0.0,0.0,0.0,0,0,Needs more closed trades before relying on this pairing.
SPY,Broad ETFs,Pullback Strategy,2pct,Watch / Needs More Data,43,2026-04-24T12:00:00,2026-04-27T15:15:00,0,0.0,0.0,0,0.0,0.0,0.0,0.0,0.0,0,0,Needs more closed trades before relying on this pairing.
SPY,Broad ETFs,Pullback Strategy,3pct,Watch / Needs More Data,43,2026-04-24T12:00:00,2026-04-27T15:15:00,0,0.0,0.0,0,0.0,0.0,0.0,0.0,0.0,0,0,Needs more closed trades before relying on this pairing.
SPY,Broad ETFs,Pullback Strategy,5pct,Watch / Needs More Data,43,2026-04-24T12:00:00,2026-04-27T15:15:00,0,0.0,0.0,0,0.0,0.0,0.0,0.0,0.0,0,0,Needs more closed trades before relying on this pairing.
SPY,Broad ETFs,Breakout Strategy,none,Watch / Needs More Data,43,2026-04-24T12:00:00,2026-04-27T15:15:00,0,0.0,0.0,0,0.0,0.0,0.0,0.0,0.0,21,0,Needs more closed trades before relying on this pairing.
SPY,Broad ETFs,Breakout Strategy,2pct,Watch / Needs More Data,43,2026-04-24T12:00:00,2026-04-27T15:15:00,0,0.0,0.0,0,0.0,0.0,0.0,0.0,0.0,21,0,Needs more closed trades before relying on this pairing.
SPY,Broad ETFs,Breakout Strategy,3pct,Watch / Needs More Data,43,2026-04-24T12:00:00,2026-04-27T15:15:00,0,0.0,0.0,0,0.0,0.0,0.0,0.0,0.0,21,0,Needs more closed trades before relying on this pairing.
SPY,Broad ETFs,Breakout Strategy,5pct,Watch / Needs More Data,43,2026-04-24T12:00:00,2026-04-27T15:15:00,0,0.0,0.0,0,0.0,0.0,0.0,0.0,0.0,21,0,Needs more closed trades before relying on this pairing.
SPY,Broad ETFs,RSI Reversion Strategy,none,Watch / Needs More Data,43,2026-04-24T12:00:00,2026-04-27T15:15:00,0,0.0,0.0,0,0.0,0.0,0.0,0.0,0.0,25,0,Needs more closed trades before relying on this pairing.
SPY,Broad ETFs,RSI Reversion Strategy,2pct,Watch / Needs More Data,43,2026-04-24T12:00:00,2026-04-27T15:15:00,0,0.0,0.0,0,0.0,0.0,0.0,0.0,0.0,25,0,Needs more closed trades before relying on this pairing.
SPY,Broad ETFs,RSI Reversion Strategy,3pct,Watch / Needs More Data,43,2026-04-24T12:00:00,2026-04-27T15:15:00,0,0.0,0.0,0,0.0,0.0,0.0,0.0,0.0,25,0,Needs more closed trades before relying on this pairing.
SPY,Broad ETFs,RSI Reversion Strategy,5pct,Watch / Needs More Data,43,2026-04-24T12:00:00,2026-04-27T15:15:00,0,0.0,0.0,0,0.0,0.0,0.0,0.0,0.0,25,0,Needs more closed trades before relying on this pairing.
SPY,Broad ETFs,Momentum Strategy,none,Watch / Needs More Data,43,2026-04-24T12:00:00,2026-04-27T15:15:00,0,0.0,0.0,0,0.0,0.0,0.0,0.0,0.0,35,0,Needs more closed trades before relying on this pairing.
SPY,Broad ETFs,Momentum Strategy,2pct,Watch / Needs More Data,43,2026-04-24T12:00:00,2026-04-27T15:15:00,0,0.0,0.0,0,0.0,0.0,0.0,0.0,0.0,35,0,Needs more closed trades before relying on this pairing.
SPY,Broad ETFs,Momentum Strategy,3pct,Watch / Needs More Data,43,2026-04-24T12:00:00,2026-04-27T15:15:00,0,0.0,0.0,0,0.0,0.0,0.0,0.0,0.0,35,0,Needs more closed trades before relying on this pairing.
SPY,Broad ETFs,Momentum Strategy,5pct,Watch / Needs More Data,43,2026-04-24T12:00:00,2026-04-27T15:15:00,0,0.0,0.0,0,0.0,0.0,0.0,0.0,0.0,35,0,Needs more closed trades before relying on this pairing.
SPY,Broad ETFs,VWAP Strategy,none,Watch / Needs More Data,43,2026-04-24T12:00:00,2026-04-27T15:15:00,0,0.0,0.0,0,0.0,0.0,0.0,0.0,0.0,33,0,Needs more closed trades before relying on this pairing.
SPY,Broad ETFs,VWAP Strategy,2pct,Watch / Needs More Data,43,2026-04-24T12:00:00,2026-04-27T15:15:00,0,0.0,0.0,0,0.0,0.0,0.0,0.0,0.0,33,0,Needs more closed trades before relying on this pairing.
SPY,Broad ETFs,VWAP Strategy,3pct,Watch / Needs More Data,43,2026-04-24T12:00:00,2026-04-27T15:15:00,0,0.0,0.0,0,0.0,0.0,0.0,0.0,0.0,33,0,Needs more closed trades before relying on this pairing.
SPY,Broad ETFs,VWAP Strategy,5pct,Watch / Needs More Data,43,2026-04-24T12:00:00,2026-04-27T15:15:00,0,0.0,0.0,0,0.0,0.0,0.0,0.0,0.0,33,0,Needs more closed trades before relying on this pairing.
SPY,Broad ETFs,Bollinger Reversion Strategy,none,Watch / Needs More Data,43,2026-04-24T12:00:00,2026-04-27T15:15:00,0,0.0,0.0,0,0.0,0.0,0.0,0.0,0.0,20,0,Needs more closed trades before relying on this pairing.
SPY,Broad ETFs,Bollinger Reversion Strategy,2pct,Watch / Needs More Data,43,2026-04-24T12:00:00,2026-04-27T15:15:00,0,0.0,0.0,0,0.0,0.0,0.0,0.0,0.0,20,0,Needs more closed trades before relying on this pairing.
SPY,Broad ETFs,Bollinger Reversion Strategy,3pct,Watch / Needs More Data,43,2026-04-24T12:00:00,2026-04-27T15:15:00,0,0.0,0.0,0,0.0,0.0,0.0,0.0,0.0,20,0,Needs more closed trades before relying on this pairing.
SPY,Broad ETFs,Bollinger Reversion Strategy,5pct,Watch / Needs More Data,43,2026-04-24T12:00:00,2026-04-27T15:15:00,0,0.0,0.0,0,0.0,0.0,0.0,0.0,0.0,20,0,Needs more closed trades before relying on this pairing.
SPY,Broad ETFs,ADX Trend Strategy,none,Watch / Needs More Data,43,2026-04-24T12:00:00,2026-04-27T15:15:00,0,0.0,0.0,0,0.0,0.0,0.0,0.0,0.0,0,0,Needs more closed trades before relying on this pairing.
SPY,Broad ETFs,ADX Trend Strategy,2pct,Watch / Needs More Data,43,2026-04-24T12:00:00,2026-04-27T15:15:00,0,0.0,0.0,0,0.0,0.0,0.0,0.0,0.0,0,0,Needs more closed trades before relying on this pairing.
SPY,Broad ETFs,ADX Trend Strategy,3pct,Watch / Needs More Data,43,2026-04-24T12:00:00,2026-04-27T15:15:00,0,0.0,0.0,0,0.0,0.0,0.0,0.0,0.0,0,0,Needs more closed trades before relying on this pairing.
SPY,Broad ETFs,ADX Trend Strategy,5pct,Watch / Needs More Data,43,2026-04-24T12:00:00,2026-04-27T15:15:00,0,0.0,0.0,0,0.0,0.0,0.0,0.0,0.0,0,0,Needs more closed trades before relying on this pairing.
SPY,Broad ETFs,Donchian Breakout Strategy,none,Watch / Needs More Data,43,2026-04-24T12:00:00,2026-04-27T15:15:00,0,0.0,0.0,0,0.0,0.0,0.0,0.0,0.0,21,0,Needs more closed trades before relying on this pairing.
SPY,Broad ETFs,Donchian Breakout Strategy,2pct,Watch / Needs More Data,43,2026-04-24T12:00:00,2026-04-27T15:15:00,0,0.0,0.0,0,0.0,0.0,0.0,0.0,0.0,21,0,Needs more closed trades before relying on this pairing.
SPY,Broad ETFs,Donchian Breakout Strategy,3pct,Watch / Needs More Data,43,2026-04-24T12:00:00,2026-04-27T15:15:00,0,0.0,0.0,0,0.0,0.0,0.0,0.0,0.0,21,0,Needs more closed trades before relying on this pairing.
SPY,Broad ETFs,Donchian Breakout Strategy,5pct,Watch / Needs More Data,43,2026-04-24T12:00:00,2026-04-27T15:15:00,0,0.0,0.0,0,0.0,0.0,0.0,0.0,0.0,21,0,Needs more closed trades before relying on this pairing.
SPY,Broad ETFs,Relative Strength Strategy,none,Watch / Needs More Data,43,2026-04-24T12:00:00,2026-04-27T15:15:00,0,0.0,0.0,0,0.0,0.0,0.0,0.0,0.0,0,0,Needs more closed trades before relying on this pairing.
SPY,Broad ETFs,Relative Strength Strategy,2pct,Watch / Needs More Data,43,2026-04-24T12:00:00,2026-04-27T15:15:00,0,0.0,0.0,0,0.0,0.0,0.0,0.0,0.0,0,0,Needs more closed trades before relying on this pairing.
SPY,Broad ETFs,Relative Strength Strategy,3pct,Watch / Needs More Data,43,2026-04-24T12:00:00,2026-04-27T15:15:00,0,0.0,0.0,0,0.0,0.0,0.0,0.0,0.0,0,0,Needs more closed trades before relying on this pairing.
SPY,Broad ETFs,Relative Strength Strategy,5pct,Watch / Needs More Data,43,2026-04-24T12:00:00,2026-04-27T15:15:00,0,0.0,0.0,0,0.0,0.0,0.0,0.0,0.0,0,0,Needs more closed trades before relying on this pairing.
SPY,Broad ETFs,Opening Range Breakout Strategy,none,Watch / Needs More Data,43,2026-04-24T12:00:00,2026-04-27T15:15:00,1,0.0,0.0,-1.63,-1.63,-1.63,29,-1.63,-1.63,36,1,Needs more closed trades before relying on this pairing.
SPY,Broad ETFs,Opening Range Breakout Strategy,2pct,Watch / Needs More Data,43,2026-04-24T12:00:00,2026-04-27T15:15:00,1,0.0,0.0,-1.63,-1.63,-1.63,29,-1.63,-1.63,36,1,Needs more closed trades before relying on this pairing.
SPY,Broad ETFs,Opening Range Breakout Strategy,3pct,Watch / Needs More Data,43,2026-04-24T12:00:00,2026-04-27T15:15:00,1,0.0,0.0,-1.63,-1.63,-1.63,29,-1.63,-1.63,36,1,Needs more closed trades before relying on this pairing.
SPY,Broad ETFs,Opening Range Breakout Strategy,5pct,Watch / Needs More Data,43,2026-04-24T12:00:00,2026-04-27T15:15:00,1,0.0,0.0,-1.63,-1.63,-1.63,29,-1.63,-1.63,36,1,Needs more closed trades before relying on this pairing.
TSLA,Large-cap stocks,RSI Reversion Strategy,2pct,Strong Fit,661,2026-02-05T21:30:00,2026-05-08T20:00:00,3,66.67,3.66,53.16,17.72,-20.0,66.33,39.72,-20.0,622,0,Historically tested starting point; not a guarantee.
TSLA,Large-cap stocks,RSI Reversion Strategy,3pct,Strong Fit,661,2026-02-05T21:30:00,2026-05-08T20:00:00,3,66.67,2.44,43.16,14.39,-30.0,66.33,39.72,-30.0,622,0,Historically tested starting point; not a guarantee.
TSLA,Large-cap stocks,Breakout Strategy,2pct,Strong Fit,661,2026-02-05T21:30:00,2026-05-08T20:00:00,6,50.0,1.87,52.13,8.69,-60.0,51.33,75.74,-20.0,598,0,Historically tested starting point; not a guarantee.
TSLA,Large-cap stocks,Pullback Strategy,none,Acceptable Fit,661,2026-02-05T21:30:00,2026-05-08T20:00:00,5,20.0,2.23,28.45,5.69,-23.2,16.6,51.64,-8.43,339,0,Historically tested starting point; not a guarantee.
TSLA,Large-cap stocks,Pullback Strategy,2pct,Acceptable Fit,661,2026-02-05T21:30:00,2026-05-08T20:00:00,5,20.0,2.23,28.45,5.69,-23.2,16.6,51.64,-8.43,339,0,Historically tested starting point; not a guarantee.
TSLA,Large-cap stocks,Pullback Strategy,3pct,Acceptable Fit,661,2026-02-05T21:30:00,2026-05-08T20:00:00,5,20.0,2.23,28.45,5.69,-23.2,16.6,51.64,-8.43,339,0,Historically tested starting point; not a guarantee.
TSLA,Large-cap stocks,Pullback Strategy,5pct,Acceptable Fit,661,2026-02-05T21:30:00,2026-05-08T20:00:00,5,20.0,2.23,28.45,5.69,-23.2,16.6,51.64,-8.43,339,0,Historically tested starting point; not a guarantee.
TSLA,Large-cap stocks,Momentum Strategy,2pct,Acceptable Fit,661,2026-02-05T21:30:00,2026-05-08T20:00:00,7,42.86,1.57,45.9,6.56,-80.0,60.86,85.01,-20.0,631,0,Historically tested starting point; not a guarantee.
TSLA,Large-cap stocks,RSI Reversion Strategy,5pct,Acceptable Fit,661,2026-02-05T21:30:00,2026-05-08T20:00:00,3,66.67,1.46,23.16,7.72,-50.0,66.33,39.72,-50.0,622,0,Historically tested starting point; not a guarantee.
TSLA,Large-cap stocks,Breakout Strategy,3pct,Acceptable Fit,661,2026-02-05T21:30:00,2026-05-08T20:00:00,6,50.0,1.45,34.84,5.81,-77.29,51.5,75.74,-30.0,599,0,Historically tested starting point; not a guarantee.
TSLA,Large-cap stocks,Momentum Strategy,3pct,Acceptable Fit,661,2026-02-05T21:30:00,2026-05-08T20:00:00,6,50.0,1.4,35.9,5.98,-90.0,84.17,85.01,-30.0,632,0,Historically tested starting point; not a guarantee.
TSLA,Large-cap stocks,Momentum Strategy,none,Acceptable Fit,661,2026-02-05T21:30:00,2026-05-08T20:00:00,4,50.0,1.35,31.77,7.94,-90.75,137,85.01,-88.67,635,0,Historically tested starting point; not a guarantee.
TSLA,Large-cap stocks,VWAP Strategy,2pct,Acceptable Fit,661,2026-02-05T21:30:00,2026-05-08T20:00:00,14,50.0,1.31,24.44,1.75,-55.17,13.93,32.51,-20.0,572,0,Historically tested starting point; not a guarantee.
TSLA,Large-cap stocks,Relative Strength Strategy,none,Acceptable Fit,661,2026-02-05T21:30:00,2026-05-08T20:00:00,27,40.74,1.26,16.19,0.6,-34.13,2.41,19.8,-10.57,353,313,Historically tested starting point; not a guarantee.
TSLA,Large-cap stocks,Relative Strength Strategy,2pct,Acceptable Fit,661,2026-02-05T21:30:00,2026-05-08T20:00:00,27,40.74,1.26,16.19,0.6,-34.13,2.41,19.8,-10.57,353,313,Historically tested starting point; not a guarantee.
TSLA,Large-cap stocks,Relative Strength Strategy,3pct,Acceptable Fit,661,2026-02-05T21:30:00,2026-05-08T20:00:00,27,40.74,1.26,16.19,0.6,-34.13,2.41,19.8,-10.57,353,313,Historically tested starting point; not a guarantee.
TSLA,Large-cap stocks,Relative Strength Strategy,5pct,Acceptable Fit,661,2026-02-05T21:30:00,2026-05-08T20:00:00,27,40.74,1.26,16.19,0.6,-34.13,2.41,19.8,-10.57,353,313,Historically tested starting point; not a guarantee.
TSLA,Large-cap stocks,Bollinger Reversion Strategy,2pct,Acceptable Fit,661,2026-02-05T21:30:00,2026-05-08T20:00:00,20,40.0,1.25,27.9,1.39,-68.5,16.3,30.87,-20.0,545,0,Historically tested starting point; not a guarantee.
TSLA,Large-cap stocks,Donchian Breakout Strategy,2pct,Acceptable Fit,661,2026-02-05T21:30:00,2026-05-08T20:00:00,8,37.5,1.25,23.3,2.91,-94.53,42.25,75.74,-20.0,577,0,Historically tested starting point; not a guarantee.
TSLA,Large-cap stocks,VWAP Strategy,3pct,Acceptable Fit,661,2026-02-05T21:30:00,2026-05-08T20:00:00,14,50.0,1.24,20.32,1.45,-59.29,13.93,32.51,-30.0,572,0,Historically tested starting point; not a guarantee.
TSLA,Large-cap stocks,Momentum Strategy,5pct,Acceptable Fit,661,2026-02-05T21:30:00,2026-05-08T20:00:00,5,40.0,1.2,20.44,4.09,-102.08,103.8,85.01,-50.0,633,0,Historically tested starting point; not a guarantee.
TSLA,Large-cap stocks,Breakout Strategy,5pct,Acceptable Fit,661,2026-02-05T21:30:00,2026-05-08T20:00:00,6,50.0,1.15,14.84,2.47,-97.29,51.5,75.74,-50.0,599,0,Historically tested starting point; not a guarantee.
TSLA,Large-cap stocks,Bollinger Reversion Strategy,3pct,Acceptable Fit,661,2026-02-05T21:30:00,2026-05-08T20:00:00,20,40.0,1.15,17.9,0.89,-78.5,16.3,30.87,-30.0,545,0,Historically tested starting point; not a guarantee.
TSLA,Large-cap stocks,EMA Strategy,2pct,Acceptable Fit,661,2026-02-05T21:30:00,2026-05-08T20:00:00,7,14.29,1.13,15.47,2.21,-120.0,56.86,135.47,-20.0,616,0,Historically tested starting point; not a guarantee.
TSLA,Large-cap stocks,RSI Reversion Strategy,none,Watch / Needs More Data,661,2026-02-05T21:30:00,2026-05-08T20:00:00,2,50.0,3.9,29.55,14.77,-10.18,105,39.72,-10.18,623,0,Needs more closed trades before relying on this pairing.
TSLA,Large-cap stocks,EMA Strategy,none,Watch / Needs More Data,661,2026-02-05T21:30:00,2026-05-08T20:00:00,1,100.0,2.33,2.33,2.33,0.0,551,2.33,2.33,621,0,Needs more closed trades before relying on this pairing.
TSLA,Large-cap stocks,Donchian Breakout Strategy,3pct,Not Recommended,661,2026-02-05T21:30:00,2026-05-08T20:00:00,8,37.5,1.03,3.54,0.44,-114.29,42.5,75.74,-30.0,579,0,Weak profit factor in the available sample.
TSLA,Large-cap stocks,VWAP Strategy,5pct,Not Recommended,661,2026-02-05T21:30:00,2026-05-08T20:00:00,14,50.0,1.0,0.32,0.02,-79.29,13.93,32.51,-50.0,572,0,Weak profit factor in the available sample.
TSLA,Large-cap stocks,Bollinger Reversion Strategy,5pct,Not Recommended,661,2026-02-05T21:30:00,2026-05-08T20:00:00,20,40.0,0.98,-2.1,-0.11,-98.5,16.3,30.87,-50.0,545,0,Weak profit factor in the available sample.
TSLA,Large-cap stocks,Bollinger Reversion Strategy,none,Not Recommended,661,2026-02-05T21:30:00,2026-05-08T20:00:00,20,40.0,0.98,-3.12,-0.16,-99.52,16.35,30.87,-51.02,546,0,Weak profit factor in the available sample.
TSLA,Large-cap stocks,ADX Trend Strategy,2pct,Not Recommended,661,2026-02-05T21:30:00,2026-05-08T20:00:00,41,34.15,0.94,-10.85,-0.26,-121.58,6.41,32.99,-20.0,30,0,Weak profit factor in the available sample.
TSLA,Large-cap stocks,Breakout Strategy,none,Not Recommended,661,2026-02-05T21:30:00,2026-05-08T20:00:00,6,50.0,0.93,-8.35,-1.39,-120.48,51.67,75.74,-73.19,600,0,Weak profit factor in the available sample.
TSLA,Large-cap stocks,ADX Trend Strategy,3pct,Not Recommended,661,2026-02-05T21:30:00,2026-05-08T20:00:00,40,35.0,0.93,-13.49,-0.34,-134.88,6.62,32.99,-30.0,31,0,Weak profit factor in the available sample.
TSLA,Large-cap stocks,EMA Strategy,3pct,Not Recommended,661,2026-02-05T21:30:00,2026-05-08T20:00:00,6,16.67,0.9,-14.48,-2.41,-150.0,71.17,135.52,-30.0,616,0,Weak profit factor in the available sample.
TSLA,Large-cap stocks,EMA Strategy,5pct,Not Recommended,661,2026-02-05T21:30:00,2026-05-08T20:00:00,4,25.0,0.9,-15.12,-3.78,-150.0,112.5,134.88,-50.0,618,0,Weak profit factor in the available sample.
TSLA,Large-cap stocks,Donchian Breakout Strategy,5pct,Not Recommended,661,2026-02-05T21:30:00,2026-05-08T20:00:00,8,37.5,0.89,-14.74,-1.84,-132.57,42.5,75.74,-50.0,579,0,Weak profit factor in the available sample.
TSLA,Large-cap stocks,ADX Trend Strategy,5pct,Not Recommended,661,2026-02-05T21:30:00,2026-05-08T20:00:00,40,35.0,0.84,-33.49,-0.84,-154.88,6.62,32.99,-50.0,31,0,Weak profit factor in the available sample.
TSLA,Large-cap stocks,VWAP Strategy,none,Not Recommended,661,2026-02-05T21:30:00,2026-05-08T20:00:00,14,50.0,0.82,-23.14,-1.65,-102.75,14.07,32.51,-73.46,573,0,Weak profit factor in the available sample.
TSLA,Large-cap stocks,ADX Trend Strategy,none,Not Recommended,661,2026-02-05T21:30:00,2026-05-08T20:00:00,40,35.0,0.76,-53.19,-1.33,-174.57,6.65,32.99,-69.7,31,0,Weak profit factor in the available sample.
TSLA,Large-cap stocks,Donchian Breakout Strategy,none,Not Recommended,661,2026-02-05T21:30:00,2026-05-08T20:00:00,8,37.5,0.76,-37.94,-4.74,-155.77,42.62,75.74,-73.19,580,0,Weak profit factor in the available sample.
TSLA,Large-cap stocks,Opening Range Breakout Strategy,2pct,Not Recommended,661,2026-02-05T21:30:00,2026-05-08T20:00:00,22,36.36,0.52,-85.36,-3.88,-146.71,17.73,32.51,-20.0,581,20,Weak profit factor in the available sample.
TSLA,Large-cap stocks,Opening Range Breakout Strategy,3pct,Not Recommended,661,2026-02-05T21:30:00,2026-05-08T20:00:00,22,36.36,0.44,-120.24,-5.47,-181.59,17.95,32.51,-30.0,584,21,Drawdown was high in the available sample.
TSLA,Large-cap stocks,Opening Range Breakout Strategy,none,Not Recommended,661,2026-02-05T21:30:00,2026-05-08T20:00:00,21,38.1,0.41,-135.38,-6.45,-196.73,19.14,32.51,-83.62,586,21,Drawdown was high in the available sample.
TSLA,Large-cap stocks,Opening Range Breakout Strategy,5pct,Not Recommended,661,2026-02-05T21:30:00,2026-05-08T20:00:00,22,36.36,0.38,-148.73,-6.76,-210.08,18.09,32.51,-50.0,585,21,Drawdown was high in the available sample.
AMD,Large-cap stocks,data_unavailable,,Watch / Needs More Data,,,,,,,,,,,,,,,No local 15M historical bars available in this initial study.
AMZN,Large-cap stocks,data_unavailable,,Watch / Needs More Data,,,,,,,,,,,,,,,No local 15M historical bars available in this initial study.
DIA,Broad ETFs,data_unavailable,,Watch / Needs More Data,,,,,,,,,,,,,,,No local 15M historical bars available in this initial study.
EFA,Commodity / International ETFs,data_unavailable,,Watch / Needs More Data,,,,,,,,,,,,,,,No local 15M historical bars available in this initial study.
FXI,Commodity / International ETFs,data_unavailable,,Watch / Needs More Data,,,,,,,,,,,,,,,No local 15M historical bars available in this initial study.
GLD,Commodity / International ETFs,data_unavailable,,Watch / Needs More Data,,,,,,,,,,,,,,,No local 15M historical bars available in this initial study.
HYG,Commodity / International ETFs,data_unavailable,,Watch / Needs More Data,,,,,,,,,,,,,,,No local 15M historical bars available in this initial study.
IVV,Broad ETFs,data_unavailable,,Watch / Needs More Data,,,,,,,,,,,,,,,No local 15M historical bars available in this initial study.
IWM,Broad ETFs,data_unavailable,,Watch / Needs More Data,,,,,,,,,,,,,,,No local 15M historical bars available in this initial study.
QQQ,Broad ETFs,data_unavailable,,Watch / Needs More Data,,,,,,,,,,,,,,,No local 15M historical bars available in this initial study.
SLV,Commodity / International ETFs,data_unavailable,,Watch / Needs More Data,,,,,,,,,,,,,,,No local 15M historical bars available in this initial study.
SMH,Sector ETFs,data_unavailable,,Watch / Needs More Data,,,,,,,,,,,,,,,No local 15M historical bars available in this initial study.
VGT,Sector ETFs,data_unavailable,,Watch / Needs More Data,,,,,,,,,,,,,,,No local 15M historical bars available in this initial study.
VOO,Broad ETFs,data_unavailable,,Watch / Needs More Data,,,,,,,,,,,,,,,No local 15M historical bars available in this initial study.
XLE,Sector ETFs,data_unavailable,,Watch / Needs More Data,,,,,,,,,,,,,,,No local 15M historical bars available in this initial study.
XLF,Sector ETFs,data_unavailable,,Watch / Needs More Data,,,,,,,,,,,,,,,No local 15M historical bars available in this initial study.
XLI,Sector ETFs,data_unavailable,,Watch / Needs More Data,,,,,,,,,,,,,,,No local 15M historical bars available in this initial study.
XLK,Sector ETFs,data_unavailable,,Watch / Needs More Data,,,,,,,,,,,,,,,No local 15M historical bars available in this initial study.
XLP,Sector ETFs,data_unavailable,,Watch / Needs More Data,,,,,,,,,,,,,,,No local 15M historical bars available in this initial study.
XLU,Sector ETFs,data_unavailable,,Watch / Needs More Data,,,,,,,,,,,,,,,No local 15M historical bars available in this initial study.
XLV,Sector ETFs,data_unavailable,,Watch / Needs More Data,,,,,,,,,,,,,,,No local 15M historical bars available in this initial study.
XLY,Sector ETFs,data_unavailable,,Watch / Needs More Data,,,,,,,,,,,,,,,No local 15M historical bars available in this initial study.
